state,year,price,customerdensity,wage,nrgen,pnrgen,nrcap,pnrcap,rgen,prgen,rcap,prcap,dcoal,dnuc,dsol,dhydro,dwind,pci,jul,rec
AR,1992,8.28,19.61,3.65,34898561.00,0.88,8876.40,0.86,4847540.00,0.12,1137.35,0.11,1,1,0,1,0,16204,79.40,0
AR,1993,8.27,19.97,3.65,34389592.00,0.85,8795.40,0.85,6109062.00,0.15,1169.75,0.11,1,1,0,1,0,16692,83.30,0
AR,1994,8.07,20.39,4.25,37000759.00,0.88,8882.00,0.86,5031389.00,0.12,1169.75,0.11,1,1,0,1,0,17496,78.10,0
AR,1995,7.98,20.85,4.25,37189989.00,0.89,8762.50,0.85,4782099.00,0.11,1169.75,0.11,1,1,0,1,0,18260,80.10,0
AR,1996,7.77,21.24,4.25,41652779.00,0.90,8719.80,0.85,4380784.00,0.10,1169.75,0.11,1,1,0,1,0,19170,79.40,0
AR,1997,7.80,21.53,4.25,40091414.00,0.89,8677.63,0.85,5102186.00,0.11,1169.75,0.11,1,1,0,1,0,19846,81.60,0
AR,1998,7.51,21.90,5.15,40949884.00,0.90,8809.80,0.86,4715417.00,0.10,1188.25,0.12,1,1,0,1,0,20798,84.00,0
AR,1999,7.43,22.27,5.15,42290918.00,0.91,8609.99,0.84,4263021.00,0.09,1314.75,0.13,1,1,0,1,0,21556,81.60,0
AR,2000,7.45,22.62,5.15,39903708.00,0.91,8463.00,0.83,3972058.00,0.09,1315.00,0.13,1,1,0,1,0,22574,80.20,0
AR,2001,7.72,22.84,5.15,43131553.00,0.91,8947.00,0.84,4060482.00,0.09,1314.00,0.12,1,1,0,1,0,23864,82.10,1
AR,2002,7.25,23.08,5.15,42419918.00,0.89,10212.00,0.86,5191727.00,0.11,1309.00,0.11,1,1,0,1,0,24260,80.70,0
AR,2003,7.24,23.47,5.15,45783349.00,0.91,12766.00,0.88,4617752.00,0.09,1309.00,0.09,1,1,0,1,0,25407,80.10,0
AR,2004,7.36,23.83,5.15,46411119.00,0.89,12766.00,0.88,5516513.00,0.11,1309.00,0.09,1,1,0,1,0,26810,77.90,0
AR,2005,8.00,24.21,5.15,42940476.00,0.90,13260.00,0.89,4854033.00,0.10,1309.00,0.09,1,1,0,1,0,27858,80.10,0
AR,2006,8.85,24.65,5.15,48858756.00,0.94,13666.00,0.89,3309947.00,0.06,1309.00,0.09,1,1,0,1,0,29385,81.20,0
AR,2007,8.73,24.94,6.25,49688686.00,0.91,14750.00,0.90,4907550.00,0.09,1309.00,0.08,1,1,0,1,0,31353,77.60,0
AR,2008,9.27,25.14,6.25,48807443.00,0.89,14730.00,0.89,6243085.00,0.11,1309.00,0.08,1,1,0,1,0,32861,80.40,1
AR,2009,9.14,25.26,6.25,51555099.00,0.90,14730.00,0.89,5902640.00,0.10,1321.00,0.08,1,1,0,1,0,31688,77.60,1
AR,2010,8.86,25.41,6.25,55689379.00,0.91,15494.00,0.90,5310806.00,0.09,1321.00,0.08,1,1,0,1,0,32373,82.10,0
AZ,1992,9.58,13.16,4.25,63503074.00,0.90,13890.64,0.83,7049653.00,0.10,2675.72,0.16,1,1,0,1,0,17762,78.80,0
AZ,1993,9.65,13.52,4.25,61343066.00,0.90,13914.07,0.83,7125920.00,0.10,2675.72,0.16,1,1,0,1,0,18371,79.00,0
AZ,1994,9.30,13.82,4.25,64149729.00,0.89,13977.76,0.83,7784767.00,0.11,2691.42,0.16,1,1,0,1,0,19385,82.00,0
AZ,1995,9.09,14.46,4.25,61211670.00,0.88,13977.76,0.83,8569269.00,0.12,2696.22,0.16,1,1,0,1,0,20164,80.70,0
AZ,1996,8.95,15.01,4.25,62098320.00,0.87,13921.64,0.83,9556498.00,0.13,2696.22,0.16,1,1,0,1,0,21159,83.00,0
AZ,1997,8.82,15.57,4.75,66342539.00,0.84,13921.64,0.83,12482661.00,0.16,2704.22,0.16,1,1,0,1,0,22231,80.10,0
AZ,1998,8.68,16.10,5.15,70855892.00,0.86,13835.80,0.83,11239180.00,0.14,2704.18,0.16,1,1,0,1,0,23722,82.10,0
AZ,1999,8.53,16.69,5.15,73805537.00,0.88,13833.34,0.83,10087636.00,0.12,2765.19,0.17,1,1,0,1,0,24583,79.20,0
AZ,2000,8.44,17.25,5.15,80298822.00,0.90,13808.00,0.83,8647755.00,0.10,2831.00,0.17,1,1,0,1,0,26293,82.00,0
AZ,2001,8.30,17.89,5.15,81971976.00,0.91,15452.00,0.84,7939296.00,0.09,2703.00,0.15,1,1,1,1,0,27091,80.40,1
AZ,2002,8.27,18.44,5.15,86439003.00,0.92,18632.00,0.87,7692663.00,0.08,2700.00,0.13,1,1,1,1,0,27459,82.60,0
AZ,2003,8.35,19.06,5.15,85653780.00,0.91,23274.00,0.89,8742438.00,0.09,2713.00,0.10,1,1,1,1,0,28239,84.10,0
AZ,2004,8.46,19.85,5.15,96228624.00,0.92,24343.00,0.89,8335519.00,0.08,2717.00,0.10,1,1,1,1,0,30080,80.80,0
AZ,2005,8.86,21.65,5.15,94887230.00,0.94,25077.00,0.90,6591424.00,0.06,2727.00,0.10,1,1,1,1,0,32223,83.10,0
AZ,2006,9.40,21.50,5.15,97397504.00,0.93,25811.00,0.90,6995024.00,0.07,2727.00,0.09,1,1,1,1,0,34326,82.90,0
AZ,2007,9.66,22.12,5.85,106576250.00,0.94,25800.00,0.90,6764720.00,0.06,2727.00,0.09,1,1,1,1,0,35441,82.60,0
AZ,2008,10.27,22.25,6.55,111965082.00,0.94,26076.00,0.90,7494090.00,0.06,2727.00,0.09,1,1,1,1,0,36059,80.50,1
AZ,2009,10.73,22.39,7.25,105170537.00,0.94,26526.00,0.90,6800713.00,0.06,2729.00,0.09,1,1,1,1,1,33560,83.00,1
AZ,2010,10.97,22.48,7.25,104586118.00,0.94,26526.00,0.90,7164839.00,0.06,2739.00,0.09,1,1,1,1,1,33773,82.40,0
CA,1992,11.07,69.01,4.25,129197172.00,0.73,35853.85,0.65,47958287.00,0.27,11840.85,0.21,1,1,1,1,1,22439,74.50,0
CA,1993,11.30,69.52,4.25,117956494.00,0.63,36300.36,0.65,69034148.00,0.37,12083.51,0.22,1,1,1,1,1,22744,73.20,0
CA,1994,11.43,69.88,4.25,134866869.00,0.72,35370.63,0.64,51325122.00,0.28,12193.15,0.22,1,1,1,1,1,23448,76.60,0
CA,1995,11.61,70.46,4.25,107902801.00,0.59,35527.18,0.64,73560540.00,0.41,12210.86,0.22,1,1,1,1,1,24498,75.00,0
CA,1996,11.33,71.16,4.25,103872793.00,0.59,36364.94,0.65,71390411.00,0.41,12105.25,0.22,1,1,1,1,1,25788,78.40,0
CA,1997,11.50,72.02,4.75,105938344.00,0.61,36341.98,0.65,66859251.00,0.39,12000.03,0.22,1,1,1,1,1,27063,74.90,0
CA,1998,10.60,72.67,5.15,114098340.00,0.60,35167.70,0.65,75502366.00,0.40,11897.31,0.22,1,1,1,1,1,29195,75.90,0
CA,1999,10.64,73.35,5.15,122904717.00,0.65,34923.19,0.64,65414506.00,0.35,12062.84,0.22,1,1,1,1,1,30679,73.70,0
CA,2000,10.89,71.13,5.75,143597879.00,0.69,34934.00,0.64,64484604.00,0.31,12076.00,0.22,1,1,1,1,1,33404,73.80,0
CA,2001,12.09,75.91,6.25,150439535.00,0.76,37911.00,0.66,48156540.00,0.24,12127.00,0.21,1,1,1,1,1,33896,74.50,1
CA,2002,12.64,76.44,6.75,128265259.00,0.70,39735.00,0.67,55944772.00,0.30,12323.00,0.21,1,1,1,1,1,34049,77.20,0
CA,2003,12.23,77.87,6.75,131744524.00,0.68,42280.00,0.68,61044018.00,0.32,12292.00,0.20,1,1,1,1,1,34975,78.50,0
CA,2004,12.20,78.69,6.75,134990825.00,0.69,42312.00,0.68,59789530.00,0.31,12403.00,0.20,1,1,1,1,1,36887,75.90,0
CA,2005,12.51,80.03,6.75,134187819.00,0.67,46145.00,0.70,66104999.00,0.33,12455.00,0.19,1,1,1,1,1,38731,78.60,0
CA,2006,14.33,81.37,6.75,142253253.00,0.66,47598.00,0.70,74545435.00,0.34,12646.00,0.19,1,1,1,1,1,41518,79.50,0
CA,2007,14.42,82.21,7.50,156125240.00,0.74,48048.00,0.70,54722341.00,0.26,12754.00,0.19,1,1,1,1,1,43211,77.10,0
CA,2008,13.81,82.99,8.00,156496079.00,0.75,48187.00,0.70,51488184.00,0.25,12835.00,0.19,1,1,1,1,1,44003,76.70,1
CA,2009,14.74,82.79,8.00,148820054.00,0.73,50050.00,0.71,55956078.00,0.27,13160.00,0.19,1,1,1,1,1,41034,77.60,1
CA,2010,14.75,83.03,8.00,142882580.00,0.70,51498.00,0.71,61243016.00,0.30,13343.00,0.18,1,1,1,1,1,41893,76.60,0
CO,1992,7.20,13.86,3.00,31635824.00,0.95,6016.85,0.85,1659666.00,0.05,582.07,0.08,1,0,0,1,0,21102,64.60,0
CO,1993,7.24,14.06,3.00,32221148.00,0.94,6010.34,0.84,2019035.00,0.06,603.14,0.08,1,0,0,1,0,22152,65.90,0
CO,1994,7.36,14.39,3.00,33967545.00,0.95,6363.41,0.85,1684366.00,0.05,634.72,0.08,1,0,0,1,0,23237,67.40,0
CO,1995,7.42,14.79,3.00,33361182.00,0.94,6349.06,0.85,2256052.00,0.06,618.96,0.08,1,0,0,1,0,24575,65.60,0
CO,1996,7.49,15.17,3.00,35404000.00,0.95,6542.87,0.85,1733360.00,0.05,619.41,0.08,1,0,0,1,0,25964,68.30,0
CO,1997,7.42,15.65,4.75,35540677.00,0.94,6587.43,0.85,2101884.00,0.06,654.93,0.08,1,0,0,1,0,27402,67.40,0
CO,1998,7.45,16.02,5.15,37343353.00,0.96,6957.61,0.86,1538210.00,0.04,645.87,0.08,1,0,0,1,0,29174,69.50,0
CO,1999,7.38,16.51,5.15,37890682.00,0.96,7253.30,0.86,1630606.00,0.04,645.87,0.08,1,0,0,1,0,30919,69.00,0
CO,2000,7.31,17.08,5.15,42648042.00,0.97,7715.00,0.87,1517504.00,0.03,663.00,0.07,1,0,0,1,0,33986,70.20,0
CO,2001,7.47,17.59,5.15,45519044.00,0.97,8136.00,0.87,1356958.00,0.03,696.00,0.07,1,0,0,1,1,35355,70.60,1
CO,2002,7.37,18.06,5.15,44439921.00,0.97,8940.00,0.88,1160467.00,0.03,704.00,0.07,1,0,0,1,1,35131,71.50,0
CO,2003,8.14,18.47,5.15,45375650.00,0.97,10214.00,0.88,1241137.00,0.03,857.00,0.07,1,0,0,1,1,35312,72.80,0
CO,2004,8.42,18.96,5.15,46609754.00,0.97,11085.00,0.89,1259738.00,0.03,867.00,0.07,1,0,0,1,1,36849,66.70,0
CO,2005,9.06,19.23,5.15,47510471.00,0.96,11099.00,0.89,2106223.00,0.04,869.00,0.07,1,0,0,1,1,38795,70.50,0
CO,2006,9.02,19.58,5.15,48208901.00,0.95,11097.00,0.88,2489452.00,0.05,929.00,0.07,1,0,0,1,1,41181,70.30,0
CO,2007,9.25,19.95,6.85,50978090.00,0.95,11491.00,0.84,2929402.00,0.05,1722.00,0.13,1,0,1,1,1,42724,70.30,0
CO,2008,10.13,20.96,7.02,48334133.00,0.90,11926.00,0.84,5107461.00,0.10,1726.00,0.12,1,0,1,1,1,44180,69.70,1
CO,2009,10.00,20.36,7.28,45489501.00,0.90,12314.00,0.84,5076451.00,0.10,1904.00,0.13,1,0,1,1,1,41154,67.50,1
CO,2010,11.04,20.52,7.24,45639047.00,0.90,13067.00,0.84,5081745.00,0.10,1984.00,0.13,1,0,1,1,1,42107,69.60,0
DE,1992,8.66,149.93,4.25,6813089.00,0.98,2300.80,1.00,171196.00,0.02,25.00,0.01,1,0,0,0,0,22500,76.20,0
DE,1993,9.01,152.64,4.25,8908425.00,0.99,2472.42,1.00,109255.00,0.01,125.00,0.05,1,0,0,0,0,22885,78.80,0
DE,1994,8.91,155.90,4.25,9121421.00,0.99,2472.42,1.00,108855.00,0.01,0.00,0.00,1,0,0,0,0,23487,78.00,0
DE,1995,9.09,158.69,4.25,8909728.00,0.99,2472.42,1.00,123109.00,0.01,0.00,0.00,1,0,0,0,0,24409,78.60,0
DE,1996,8.97,161.52,4.65,8696654.00,0.98,2479.92,1.00,157795.00,0.02,0.00,0.00,1,0,0,0,0,25808,74.70,0
DE,1997,9.22,163.83,5.00,7044843.00,0.98,2468.33,1.00,177792.00,0.02,0.00,0.00,1,0,0,0,0,26574,77.30,0
DE,1998,9.13,166.14,5.15,6706783.00,0.97,2467.13,1.00,191802.00,0.03,0.00,0.00,1,0,0,0,0,28397,76.10,0
DE,1999,9.17,169.46,5.15,6682053.00,0.98,2462.63,1.00,169685.00,0.02,0.00,0.00,1,0,0,0,0,29072,79.40,0
DE,2000,8.54,171.63,5.65,5801844.00,0.97,2286.00,0.88,185607.00,0.03,0.00,0.00,1,0,0,0,0,31009,73.20,0
DE,2001,8.61,175.45,6.15,6650622.00,0.98,2591.00,1.00,157062.00,0.02,0.00,0.00,1,0,0,0,0,32350,73.10,1
DE,2002,8.70,178.68,6.15,5856143.00,0.98,3204.00,0.91,146346.00,0.02,0.00,0.00,1,0,0,0,0,33130,78.20,0
DE,2003,8.59,182.80,6.15,7207140.00,0.97,3299.00,0.91,185147.00,0.03,0.00,0.00,1,0,0,0,0,33760,76.60,0
DE,2004,8.78,186.91,6.15,7565832.00,0.96,3287.00,0.91,289721.00,0.04,0.00,0.00,1,0,0,0,0,35534,75.80,0
DE,2005,9.01,191.26,6.15,7643900.00,0.94,3195.00,0.91,492668.00,0.06,0.00,0.00,1,0,0,0,0,36771,78.30,0
DE,2006,11.85,195.36,6.15,6271495.00,0.87,3195.00,0.91,910684.00,0.13,0.00,0.00,1,0,0,0,0,38812,78.70,0
DE,2007,13.16,198.57,6.65,7764942.00,0.91,3193.00,0.91,769221.00,0.09,0.00,0.00,1,0,0,0,0,39808,76.20,0
DE,2008,13.93,200.56,7.15,6873101.00,0.91,3193.00,0.91,650738.00,0.09,0.00,0.00,1,0,0,0,0,40565,77.70,1
DE,2009,14.07,201.60,7.15,4482938.00,0.93,3179.00,0.91,358625.00,0.07,0.00,0.00,1,0,0,0,0,38695,74.50,1
DE,2010,13.80,202.77,7.25,5489448.00,0.98,3179.00,0.90,138197.00,0.02,2.00,0.00,1,0,0,0,1,39425,80.70,0
FL,1992,7.75,112.78,4.25,136363011.00,0.95,37766.12,0.97,7414132.00,0.05,42.52,0.00,1,1,0,1,0,20474,82.60,0
FL,1993,7.99,114.98,4.25,144507431.00,0.95,40404.52,0.97,7426725.00,0.05,42.31,0.00,1,1,0,1,0,21197,82.60,0
FL,1994,7.78,117.57,4.25,150196528.00,0.95,41592.55,0.97,7950318.00,0.05,42.31,0.00,1,1,0,1,0,21919,80.60,0
FL,1995,7.82,120.09,4.25,159545109.00,0.95,42265.87,0.96,7869263.00,0.05,42.31,0.00,1,1,0,1,0,23014,82.20,0
FL,1996,7.99,122.30,4.25,158946278.00,0.95,43318.01,0.97,8138658.00,0.05,42.31,0.00,1,1,0,1,0,24050,82.20,0
FL,1997,8.08,124.75,4.75,159937653.00,0.95,42797.60,0.96,8309340.00,0.05,42.31,0.00,1,1,0,1,0,24919,81.90,0
FL,1998,7.89,127.03,5.15,181839705.00,0.96,42871.97,0.96,7789291.00,0.04,42.31,0.00,1,1,0,1,0,26453,83.50,0
FL,1999,7.73,129.82,5.15,179453798.00,0.96,43384.81,0.96,7809628.00,0.04,41.00,0.00,1,1,0,1,0,27329,82.10,0
FL,2000,7.77,132.95,5.15,183979071.00,0.96,44038.00,0.96,7836769.00,0.04,42.00,0.00,1,1,0,1,0,29079,82.20,0
FL,2001,8.59,136.17,5.15,183960886.00,0.96,46207.00,0.97,6984458.00,0.04,42.00,0.00,1,1,0,1,0,29804,81.20,1
FL,2002,8.16,139.19,5.15,196476009.00,0.97,51254.00,0.97,6876766.00,0.03,42.00,0.00,1,1,0,1,0,30462,81.50,0
FL,2003,8.55,142.50,5.15,204152050.00,0.96,54469.00,0.97,8457961.00,0.04,42.00,0.00,1,1,0,1,0,31241,81.30,0
FL,2004,8.99,146.22,5.15,209909772.00,0.96,56056.00,0.97,8208156.00,0.04,56.00,0.00,1,1,0,1,0,33463,81.80,0
FL,2005,9.62,150.03,5.15,212070356.00,0.96,59096.00,0.98,8186056.00,0.04,56.00,0.00,1,1,0,1,0,35489,83.10,0
FL,2006,11.33,153.76,5.15,215939915.00,0.97,59275.00,0.98,7811706.00,0.03,56.00,0.00,1,1,0,1,0,37996,81.70,0
FL,2007,11.22,156.61,5.85,217707454.00,0.97,61702.00,0.98,7708606.00,0.03,56.00,0.00,1,1,0,1,0,39256,82.00,0
FL,2008,11.65,157.22,6.55,212290553.00,0.97,61757.00,0.98,7346265.00,0.03,56.00,0.00,1,1,0,1,0,39978,81.00,1
FL,2009,12.39,157.50,7.25,210664274.00,0.97,65735.00,0.98,7288034.00,0.03,81.00,0.00,1,1,1,1,0,36849,81.60,1
FL,2010,11.44,158.16,7.25,221590103.00,0.97,65754.00,0.97,7505832.00,0.03,181.00,0.00,1,1,1,1,0,38345,83.30,0
IL,1992,10.29,79.77,4.75,127300402.00,0.99,37431.02,1.00,745826.00,0.01,29.80,0.00,1,1,0,1,0,22553,73.30,0
IL,1993,10.28,80.54,4.75,142724476.00,0.99,37480.50,1.00,728615.00,0.01,32.00,0.00,1,1,0,1,0,23068,76.60,0
IL,1994,9.98,81.25,4.75,140629422.00,1.00,37525.43,1.00,669873.00,0.00,32.15,0.00,1,1,0,1,0,24181,73.80,0
IL,1995,10.37,82.06,4.75,147793560.00,0.99,37649.42,1.00,864371.00,0.01,25.20,0.00,1,1,0,1,0,25382,76.40,0
IL,1996,10.34,82.83,4.75,146765962.00,0.99,37690.30,1.00,967067.00,0.01,35.80,0.00,1,1,0,1,0,26806,72.50,0
IL,1997,10.43,83.72,4.75,134000611.00,0.99,37901.75,0.99,1140158.00,0.01,35.80,0.00,1,1,0,1,0,28130,75.00,0
IL,1998,9.85,85.48,5.15,137337592.00,0.99,35647.44,0.99,1126970.00,0.01,35.80,0.00,1,1,0,1,0,29746,75.40,0
IL,1999,8.83,83.19,5.15,162230430.00,0.99,37279.24,0.99,1180090.00,0.01,34.70,0.00,1,1,0,1,0,30619,78.40,0
IL,2000,8.83,85.44,5.15,177059464.00,0.99,39274.00,0.99,1436617.00,0.01,35.00,0.00,1,1,0,1,0,32645,73.10,0
IL,2001,8.71,86.38,5.15,178021412.00,0.99,44500.00,0.99,1227873.00,0.01,37.00,0.00,1,1,0,1,0,33232,75.80,1
IL,2002,8.39,87.38,5.15,186846873.00,0.99,49623.00,1.00,1207576.00,0.01,22.00,0.00,1,1,0,1,0,33793,78.10,0
IL,2003,8.38,88.16,5.15,187737765.00,0.99,50766.00,0.99,1317495.00,0.01,88.00,0.00,1,1,0,1,1,34717,74.70,0
IL,2004,8.37,88.54,5.50,190604603.00,0.99,47380.00,0.99,1353175.00,0.01,88.00,0.00,1,1,0,1,1,36164,72.90,0
IL,2005,8.34,90.10,6.50,192969632.00,0.99,47793.00,0.99,1150514.00,0.01,143.00,0.00,1,1,0,1,1,37437,76.30,0
IL,2006,8.42,90.33,6.50,191217649.00,0.99,47817.00,0.99,1209309.00,0.01,143.00,0.00,1,1,0,1,1,39900,77.10,0
IL,2007,10.12,91.13,6.50,198666953.00,0.99,47666.00,0.98,1593728.00,0.01,778.00,0.02,1,1,0,1,1,41950,73.10,0
IL,2008,11.07,91.73,7.50,196198330.00,0.98,47750.00,0.97,3276848.00,0.02,1001.00,0.02,1,1,0,1,1,43502,74.30,1
IL,2009,11.27,91.30,7.75,190048031.00,0.98,48184.00,0.96,3816326.00,0.02,1644.00,0.03,1,1,1,1,1,40865,70.20,1
IL,2010,11.52,91.21,8.00,195634429.00,0.97,47815.00,0.95,5717443.00,0.03,1995.00,0.04,1,1,1,1,1,42025,77.70,0
MA,1992,10.62,299.73,4.25,38012378.00,0.95,9100.87,0.82,2075277.00,0.05,262.44,0.02,1,1,0,1,0,24422,66.80,0
MA,1993,11.00,302.44,4.25,34911039.00,0.94,9288.62,0.82,2168169.00,0.06,262.98,0.02,1,1,0,1,0,25182,70.80,0
MA,1994,11.09,305.49,4.25,35597033.00,0.94,9403.81,0.82,2342031.00,0.06,262.88,0.02,1,1,0,1,0,26393,73.90,0
MA,1995,11.26,307.35,4.25,35570613.00,0.94,9515.43,0.82,2083868.00,0.06,261.00,0.02,1,1,0,1,0,27662,72.40,0
MA,1996,11.25,309.14,4.25,35351503.00,0.93,9667.38,0.83,2602517.00,0.07,261.74,0.02,1,1,0,1,0,29279,69.10,0
MA,1997,11.59,312.69,5.25,42275474.00,0.94,9770.09,0.83,2689854.00,0.06,261.74,0.02,1,1,0,1,0,30911,70.10,0
MA,1998,10.60,315.46,5.25,43054366.00,0.94,8646.87,0.81,2629250.00,0.06,260.94,0.02,1,1,0,1,0,33006,70.60,0
MA,1999,10.09,318.34,5.25,38034622.00,0.94,10330.74,0.83,2540770.00,0.06,260.94,0.02,1,1,0,1,0,34671,73.10,0
MA,2000,10.53,322.28,6.00,36136268.00,0.93,11181.00,0.84,2561613.00,0.07,259.00,0.02,1,1,0,1,0,38222,67.30,0
MA,2001,12.47,322.17,6.75,36403942.00,0.95,10910.00,0.84,2074492.00,0.05,259.00,0.02,1,1,0,1,0,39547,67.60,1
MA,2002,10.93,324.83,6.75,39940897.00,0.95,11321.00,0.84,2086921.00,0.05,261.00,0.02,1,1,0,1,0,39597,71.30,0
MA,2003,11.60,325.09,6.75,45757414.00,0.95,13514.00,0.86,2627610.00,0.05,268.00,0.02,1,1,0,1,0,40264,71.20,0
MA,2004,11.75,328.40,6.75,44969841.00,0.95,13542.00,0.86,2530642.00,0.05,275.00,0.02,1,1,0,1,0,42276,68.90,0
MA,2005,13.44,331.15,6.75,44904514.00,0.95,13559.00,0.86,2610929.00,0.05,281.00,0.02,1,1,0,1,0,44097,71.40,0
MA,2006,16.60,333.00,6.75,42602921.00,0.93,13511.00,0.86,2994854.00,0.07,338.00,0.02,1,1,0,1,0,47559,73.30,0
MA,2007,16.23,337.01,7.50,45120783.00,0.96,13112.00,0.86,1955192.00,0.04,272.00,0.02,1,1,0,1,0,50150,69.80,0
MA,2008,17.68,337.69,8.00,40119760.00,0.94,13040.00,0.86,2385718.00,0.06,270.00,0.02,1,1,1,1,1,51902,72.40,1
MA,2009,16.87,339.54,8.00,36309045.00,0.93,13168.00,0.86,2657606.00,0.07,271.00,0.02,1,1,1,1,1,49578,67.30,1
MA,2010,14.59,341.16,8.00,40101191.00,0.94,13184.00,0.86,2703633.00,0.06,277.00,0.02,1,1,1,1,1,51143,74.00,0
MD,1992,7.97,182.81,4.25,38341473.00,0.93,11511.88,0.95,2835886.00,0.07,493.68,0.04,1,1,0,1,0,24112,75.40,0
MD,1993,8.21,185.52,4.25,42364889.00,0.94,11344.33,0.95,2612999.00,0.06,493.68,0.04,1,1,0,1,0,24805,78.30,0
MD,1994,8.39,189.45,4.25,42307434.00,0.93,11352.18,0.95,3032184.00,0.07,493.68,0.04,1,1,0,1,0,25780,77.40,0
MD,1995,8.43,193.00,4.25,43561580.00,0.94,11514.28,0.95,2804063.00,0.06,493.68,0.04,1,1,0,1,0,26618,77.60,0
MD,1996,8.26,193.19,4.25,42544427.00,0.92,11804.20,0.95,3730190.00,0.08,493.68,0.04,1,1,0,1,0,27689,73.50,0
MD,1997,8.33,195.23,4.75,43811487.00,0.94,11934.36,0.95,2895909.00,0.06,493.68,0.04,1,1,0,1,0,29000,75.70,0
MD,1998,8.44,197.26,5.15,48070271.00,0.95,11803.90,0.95,2582746.00,0.05,493.68,0.04,1,1,0,1,0,30742,75.40,0
MD,1999,8.39,199.77,5.15,49415971.00,0.96,12006.44,0.95,2269650.00,0.04,493.68,0.04,1,1,1,1,0,32216,78.80,0
MD,2000,7.95,203.22,5.15,48519779.00,0.95,10485.00,0.93,2625601.00,0.05,494.00,0.04,1,1,0,1,0,34678,71.70,0
MD,2001,7.67,208.23,5.15,46818127.00,0.95,11813.00,0.94,2244213.00,0.05,494.00,0.04,1,1,0,1,0,36203,71.90,1
MD,2002,7.74,208.05,5.15,45336921.00,0.94,11831.00,0.94,2942167.00,0.06,494.00,0.04,1,1,0,1,0,37092,77.60,0
MD,2003,7.73,210.80,5.15,48397624.00,0.93,12603.00,0.94,3846613.00,0.07,494.00,0.04,1,1,0,1,0,38153,75.30,0
MD,2004,7.80,213.42,5.15,48255861.00,0.93,12621.00,0.94,3796909.00,0.07,494.00,0.04,1,1,0,1,0,40499,75.00,0
MD,2005,8.46,216.46,5.15,49698568.00,0.94,12621.00,0.94,2963032.00,0.06,494.00,0.04,1,1,0,1,0,42405,77.40,0
MD,2006,9.71,219.15,5.15,45589365.00,0.93,12621.00,0.94,3367515.00,0.07,494.00,0.04,1,1,0,1,0,44858,77.40,0
MD,2007,11.89,221.37,6.15,47278136.00,0.94,12644.00,0.94,2919788.00,0.06,527.00,0.04,1,1,0,1,0,46839,75.10,0
MD,2008,13.84,222.90,6.15,44150921.00,0.93,12747.00,0.94,3210032.00,0.07,527.00,0.04,1,1,0,1,0,48864,75.60,1
MD,2009,14.98,223.90,6.55,40810209.00,0.93,12747.00,0.94,2964623.00,0.07,527.00,0.04,1,1,0,1,0,47419,72.70,1
MD,2010,14.32,225.13,7.25,40881570.00,0.94,12737.00,0.94,2725694.00,0.06,528.00,0.04,1,1,1,1,1,48621,78.80,0
MI,1992,8.11,65.94,3.35,92352839.00,0.97,24124.86,0.89,2969100.00,0.03,382.68,0.01,1,1,0,1,0,20179,63.00,0
MI,1993,8.16,66.56,3.35,103265868.00,0.97,24094.15,0.89,3102681.00,0.03,382.68,0.01,1,1,0,1,0,21046,69.10,0
MI,1994,8.28,67.21,3.35,95177969.00,0.97,24005.90,0.89,3129420.00,0.03,383.32,0.01,1,1,0,1,0,22593,67.50,0
MI,1995,8.34,68.08,3.35,104079150.00,0.97,24341.16,0.90,3365462.00,0.03,377.56,0.01,1,1,0,1,0,23428,69.30,0
MI,1996,8.47,68.91,3.35,108548880.00,0.96,25085.34,0.90,3969429.00,0.04,381.28,0.01,1,1,0,1,0,24279,64.90,0
MI,1997,8.57,69.98,3.35,103504623.00,0.97,24439.87,0.90,3466136.00,0.03,369.48,0.01,1,1,0,1,0,25349,67.40,0
MI,1998,8.67,70.84,5.15,97223651.00,0.97,24117.66,0.90,3253743.00,0.03,371.40,0.01,1,1,0,1,0,26903,68.70,0
MI,1999,8.73,71.44,5.15,99993814.00,0.97,25149.14,0.90,3245901.00,0.03,371.40,0.01,1,1,0,1,0,27858,71.70,0
MI,2000,8.52,72.16,5.15,100945958.00,0.97,25366.00,0.90,3263636.00,0.03,372.00,0.01,1,1,0,1,0,29400,66.00,0
MI,2001,8.26,73.02,5.15,108897344.00,0.97,26473.00,0.90,2948266.00,0.03,363.00,0.01,1,1,0,1,1,30024,68.10,1
MI,2002,8.28,73.73,5.15,114743865.00,0.97,29288.00,0.91,3145222.00,0.03,365.00,0.01,1,1,0,1,1,30262,72.10,0
MI,2003,8.35,74.23,5.15,108169483.00,0.97,30524.00,0.92,3177577.00,0.03,375.00,0.01,1,1,0,1,1,31300,67.50,0
MI,2004,8.33,74.80,5.15,114612092.00,0.97,30612.00,0.92,3875177.00,0.03,377.00,0.01,1,1,0,1,1,31768,66.10,0
MI,2005,8.40,75.42,5.15,117836001.00,0.97,30586.00,0.92,3783770.00,0.03,386.00,0.01,1,1,0,1,1,32409,70.20,0
MI,2006,9.77,75.69,5.15,108658168.00,0.97,30208.00,0.92,3898570.00,0.03,385.00,0.01,1,1,0,1,1,33365,71.00,0
MI,2007,10.21,75.67,6.95,116167061.00,0.97,30264.00,0.92,3142875.00,0.03,376.00,0.01,1,1,0,1,1,34419,67.60,0
MI,2008,10.75,75.53,7.15,111399439.00,0.97,30253.00,0.91,3590367.00,0.03,500.00,0.02,1,1,0,1,1,35288,67.90,1
MI,2009,11.60,74.89,7.40,97517492.00,0.96,30151.00,0.91,3685113.00,0.04,520.00,0.02,1,1,0,1,1,33221,63.20,1
MI,2010,12.46,74.73,7.40,107860244.00,0.97,30026.00,0.91,3691127.00,0.03,547.00,0.02,1,1,0,1,1,34326,71.30,0
NC,1992,8.11,59.89,3.80,81724186.00,0.91,19950.50,0.90,7811069.00,0.09,1896.71,0.09,1,1,0,1,0,18886,79.00,0
NC,1993,8.18,61.25,3.80,88133586.00,0.92,19971.46,0.90,7180858.00,0.08,1896.71,0.09,1,1,0,1,0,19704,81.10,0
NC,1994,8.17,62.72,4.25,91232873.00,0.90,20109.08,0.90,9595789.00,0.10,1896.71,0.09,1,1,0,1,0,20630,78.00,0
NC,1995,8.12,64.33,4.25,98646499.00,0.93,21354.97,0.91,7648157.00,0.07,1873.41,0.08,1,1,0,1,0,21615,78.40,0
NC,1996,8.05,65.82,4.25,104067499.00,0.93,21750.87,0.91,8130242.00,0.07,1873.41,0.08,1,1,0,1,0,22714,76.90,0
NC,1997,8.03,67.53,4.25,107721560.00,0.93,21726.96,0.91,7773129.00,0.07,1866.16,0.08,1,1,0,1,0,23945,77.80,0
NC,1998,8.01,69.47,5.15,113703345.00,0.94,21637.96,0.90,7675479.00,0.06,1948.73,0.08,1,1,0,1,0,25301,78.50,0
NC,1999,7.99,71.33,5.15,111607743.00,0.95,21851.76,0.91,5749872.00,0.05,1818.37,0.08,1,1,0,1,0,26326,78.80,0
NC,2000,7.97,73.11,5.15,117028428.00,0.96,23830.00,0.92,5245928.00,0.04,1819.00,0.07,1,1,0,1,0,27906,75.70,0
NC,2001,8.12,74.99,5.15,112922891.00,0.96,25548.00,0.92,4572959.00,0.04,1826.00,0.07,1,1,0,1,0,28359,74.90,1
NC,2002,8.19,76.82,5.15,118967487.00,0.96,26290.00,0.92,5500543.00,0.04,1826.00,0.06,1,1,0,1,0,28428,79.00,0
NC,2003,8.32,77.57,5.15,118047192.00,0.93,27092.00,0.92,9535127.00,0.07,1828.00,0.06,1,1,0,1,0,28934,76.90,0
NC,2004,8.45,78.94,5.15,118806301.00,0.94,26774.00,0.92,7523656.00,0.06,1828.00,0.06,1,1,0,1,0,30480,77.40,0
NC,2005,8.65,80.67,5.15,122095685.00,0.94,26721.00,0.92,7652893.00,0.06,1828.00,0.06,1,1,0,1,0,31905,79.20,0
NC,2006,9.12,82.35,5.15,119096890.00,0.95,26697.00,0.92,6117894.00,0.05,1828.00,0.06,1,1,0,1,0,33373,77.50,0
NC,2007,9.40,83.98,6.15,124980075.00,0.96,27325.00,0.92,5135226.00,0.04,1828.00,0.06,1,1,0,1,0,34761,75.90,0
NC,2008,9.52,85.12,6.15,120088630.00,0.96,27311.00,0.92,5150433.00,0.04,1832.00,0.06,1,1,1,1,0,35741,76.60,1
NC,2009,9.99,85.73,6.55,111079237.00,0.94,27736.00,0.92,7328166.00,0.06,1851.00,0.06,1,1,1,1,0,34001,75.30,1
NC,2010,10.12,85.93,7.25,121431353.00,0.94,27579.00,0.91,7247130.00,0.06,1896.00,0.06,1,1,1,1,0,34604,79.50,0
NJ,1992,10.87,395.21,4.25,42827586.00,0.98,16301.14,0.97,836428.00,0.02,13.20,0.00,1,1,0,1,0,26270,72.90,0
NJ,1993,11.41,398.22,5.05,47418274.00,0.98,16986.91,0.97,926608.00,0.02,13.20,0.00,1,1,0,1,0,26799,76.90,0
NJ,1994,11.54,401.27,5.05,47350102.00,0.98,17170.12,0.97,1085240.00,0.02,13.20,0.00,1,1,0,1,0,27593,77.10,0
NJ,1995,11.98,405.13,5.05,43896306.00,0.97,17677.16,0.97,1202352.00,0.03,13.20,0.00,1,1,0,1,0,29022,76.50,0
NJ,1996,11.99,407.65,5.05,36635174.00,0.97,17489.04,0.97,1081409.00,0.03,13.20,0.00,1,1,0,1,0,30613,72.20,0
NJ,1997,12.08,411.19,5.05,40562255.00,0.97,17433.93,0.97,1194006.00,0.03,13.20,0.00,1,1,0,1,0,32326,74.70,0
NJ,1998,11.39,414.68,5.05,51988064.00,0.97,17271.14,0.96,1869569.00,0.03,13.20,0.00,1,1,0,1,0,34212,74.90,0
NJ,1999,11.40,424.85,5.15,54926991.00,0.97,17245.85,0.96,1876430.00,0.03,13.20,0.00,1,1,0,1,0,35360,78.40,0
NJ,2000,10.27,429.41,5.15,56262759.00,0.97,17718.00,0.96,1822456.00,0.03,13.00,0.00,1,1,0,1,0,38667,71.20,0
NJ,2001,10.21,433.21,5.15,57793096.00,0.97,17027.00,0.96,1628164.00,0.03,13.00,0.00,1,1,0,1,0,39635,71.50,1
NJ,2002,10.38,438.29,5.15,60270720.00,0.98,19533.00,0.97,1298667.00,0.02,13.00,0.00,1,1,0,1,0,39936,76.50,0
NJ,2003,10.67,442.12,5.15,55815894.00,0.97,19757.00,0.96,1583457.00,0.03,13.00,0.00,1,1,0,1,0,40423,74.80,0
NJ,2004,11.23,446.42,5.15,54791098.00,0.98,19140.00,0.96,1091244.00,0.02,14.00,0.00,1,1,0,1,0,42302,73.40,0
NJ,2005,11.74,450.48,5.15,59323732.00,0.98,18666.00,0.96,1225851.00,0.02,14.00,0.00,1,1,0,1,0,43880,76.70,0
NJ,2006,12.84,454.67,6.15,59367703.00,0.98,19739.00,0.96,1332436.00,0.02,21.00,0.00,1,1,0,1,1,47500,77.30,0
NJ,2007,14.14,457.64,7.15,61426149.00,0.98,19379.00,0.96,1245096.00,0.02,23.00,0.00,1,1,0,1,1,50256,74.10,0
NJ,2008,15.66,459.71,7.15,62300356.00,0.98,19353.00,0.96,1374433.00,0.02,25.00,0.00,1,1,1,1,1,52141,76.70,1
NJ,2009,16.31,462.54,7.15,60331003.00,0.98,19299.00,0.96,1480236.00,0.02,34.00,0.00,1,1,1,1,1,49221,72.40,1
NJ,2010,16.57,465.78,7.25,64326430.00,0.98,19243.00,0.96,1356064.00,0.02,49.00,0.00,1,1,1,1,1,50428,78.60,0
NY,1992,12.43,134.60,4.25,96603590.00,0.77,30319.42,0.84,29345334.00,0.23,4122.66,0.11,1,1,0,1,0,24693,65.10,0
NY,1993,13.17,135.52,4.25,93539459.00,0.75,30229.52,0.84,30681572.00,0.25,4172.48,0.12,1,1,0,1,0,25089,70.00,0
NY,1994,13.55,136.23,4.25,96782397.00,0.77,32680.43,0.85,29247175.00,0.23,4185.25,0.11,1,1,0,1,0,25807,70.80,0
NY,1995,13.90,137.01,4.25,105949881.00,0.79,32512.01,0.84,27463400.00,0.21,4304.80,0.11,1,1,0,1,0,27106,71.20,0
NY,1996,14.04,137.57,4.25,105063571.00,0.77,32728.32,0.84,30668678.00,0.23,4316.79,0.11,1,1,0,1,0,28497,66.90,0
NY,1997,14.12,138.01,4.25,108497704.00,0.77,32391.11,0.84,32333944.00,0.23,4325.44,0.11,1,1,0,1,0,30012,67.50,0
NY,1998,13.66,138.62,4.25,113950869.00,0.79,32165.77,0.84,30912379.00,0.21,4427.87,0.12,1,1,0,1,0,31416,68.40,0
NY,1999,13.23,140.89,4.25,119687862.00,0.82,30232.89,0.83,26593004.00,0.18,4422.19,0.12,1,1,0,1,0,32625,71.70,0
NY,2000,13.97,142.12,4.25,111191457.00,0.81,31979.00,0.84,26887618.00,0.19,4437.00,0.12,1,1,0,1,1,34623,65.10,0
NY,2001,14.04,158.82,5.15,119036215.00,0.83,32782.00,0.84,24878344.00,0.17,4490.00,0.12,1,1,0,1,1,35476,66.20,1
NY,2002,13.55,157.54,5.15,112841905.00,0.81,33213.00,0.84,26749783.00,0.19,4612.00,0.12,1,1,0,1,1,35448,70.40,0
NY,2003,14.31,145.62,5.15,111708220.00,0.81,33711.00,0.84,25935096.00,0.19,4650.00,0.12,1,1,0,1,1,36264,68.50,0
NY,2004,14.54,143.91,5.15,111992252.00,0.81,34810.00,0.85,25972542.00,0.19,4699.00,0.11,1,1,0,1,1,38660,67.70,0
NY,2005,15.72,143.76,6.00,118926276.00,0.81,36341.00,0.85,27961143.00,0.19,4833.00,0.11,1,1,0,1,1,41108,71.50,0
NY,2006,16.89,144.65,6.75,112103656.00,0.79,36453.00,0.85,30161776.00,0.21,5018.00,0.12,1,1,0,1,1,44567,71.20,0
NY,2007,17.10,146.85,7.15,117687136.00,0.81,36018.00,0.84,28191551.00,0.19,5079.00,0.12,1,1,0,1,1,47852,67.00,0
NY,2008,18.30,146.08,7.15,109965084.00,0.78,35157.00,0.83,30357016.00,0.22,5361.00,0.13,1,1,0,1,1,49408,69.40,1
NY,2009,17.50,146.49,7.15,100671390.00,0.76,35441.00,0.82,32479160.00,0.24,5931.00,0.14,1,1,0,1,1,46739,65.60,1
NY,2010,18.74,147.31,7.25,106372821.00,0.78,35114.00,0.82,30588833.00,0.22,5931.00,0.14,1,1,0,1,1,49119,72.00,0
OH,1992,8.24,104.86,4.25,136653805.00,0.99,29372.89,0.99,1007923.00,0.01,128.06,0.00,1,1,0,1,0,20025,71.70,0
OH,1993,8.36,105.93,4.25,134524027.00,0.99,29472.25,0.99,713265.00,0.01,126.56,0.00,1,1,0,1,0,20676,74.70,0
OH,1994,8.56,107.09,4.25,130917884.00,0.99,29660.75,0.99,845726.00,0.01,126.56,0.00,1,1,0,1,0,21818,73.00,0
OH,1995,8.60,108.36,4.25,138452363.00,0.99,29566.86,0.99,891539.00,0.01,126.56,0.00,1,1,0,1,0,22653,74.00,0
OH,1996,8.60,109.47,4.25,143274474.00,0.99,29440.97,0.99,1162740.00,0.01,126.56,0.00,1,1,0,1,0,23545,70.60,0
OH,1997,8.63,110.95,4.25,141529091.00,0.99,28612.46,0.99,1282157.00,0.01,129.31,0.00,1,1,0,1,0,24912,72.10,0
OH,1998,8.70,111.89,4.25,146747329.00,0.99,28983.65,0.99,1192728.00,0.01,129.81,0.00,1,1,0,1,0,26418,72.20,0
OH,1999,8.68,113.07,4.25,141112595.00,0.99,29109.35,0.99,1217836.00,0.01,170.81,0.01,1,1,0,1,0,27293,76.90,0
OH,2000,8.61,114.39,4.25,147539488.00,0.99,30146.00,0.99,1520792.00,0.01,171.00,0.01,1,1,0,1,0,28695,70.00,0
OH,2001,8.37,115.65,4.25,141018112.00,0.99,31602.00,0.99,1243695.00,0.01,171.00,0.01,1,1,0,1,0,29275,72.00,1
OH,2002,8.24,116.43,4.25,145973741.00,0.99,33845.00,0.99,1095109.00,0.01,171.00,0.00,1,1,0,1,0,29849,75.90,0
OH,2003,8.26,117.02,4.25,145447890.00,0.99,36535.00,0.99,1190238.00,0.01,173.00,0.00,1,1,0,1,0,30672,71.90,0
OH,2004,8.45,117.94,4.25,146886179.00,0.99,36652.00,0.99,1459726.00,0.01,135.00,0.00,1,1,0,1,0,31580,71.40,0
OH,2005,8.51,118.91,4.25,155714352.00,0.99,36451.00,0.99,1261971.00,0.01,135.00,0.00,1,1,0,1,1,32445,75.00,0
OH,2006,9.34,119.47,4.25,153980712.00,0.99,36347.00,0.99,1453363.00,0.01,135.00,0.00,1,1,0,1,1,34008,74.20,0
OH,2007,9.57,119.53,6.85,154017371.00,0.99,36329.00,0.99,1138174.00,0.01,135.00,0.00,1,1,0,1,1,35183,70.70,0
OH,2008,10.06,119.46,7.00,152130517.00,0.99,36063.00,0.99,1281734.00,0.01,135.00,0.00,1,1,0,1,1,36401,72.50,1
OH,2009,10.67,119.18,7.30,134880280.00,0.99,36082.00,0.99,1209945.00,0.01,135.00,0.00,1,1,0,1,1,35001,68.80,1
OH,2010,11.32,119.11,7.30,142203095.00,0.99,35595.00,0.99,1395242.00,0.01,148.00,0.00,1,1,1,1,1,35931,75.50,0
PA,1992,9.67,105.13,4.25,174613260.00,0.97,36843.15,0.94,4792385.00,0.03,751.49,0.02,1,1,0,1,0,21050,69.50,0
PA,1993,9.55,106.01,4.75,176345341.00,0.97,37011.15,0.94,4868791.00,0.03,751.49,0.02,1,1,0,1,0,21655,72.90,0
PA,1994,9.55,106.90,4.75,178978478.00,0.97,37240.34,0.94,5100223.00,0.03,751.49,0.02,1,1,0,1,0,22355,72.50,0
PA,1995,9.72,107.70,4.75,181369964.00,0.98,37339.48,0.94,4081347.00,0.02,750.89,0.02,1,1,0,1,0,23226,72.60,0
PA,1996,9.73,108.22,4.75,186555848.00,0.97,37344.97,0.94,5316775.00,0.03,724.89,0.02,1,1,0,1,0,24384,68.80,0
PA,1997,9.90,108.99,4.75,188519103.00,0.97,37491.12,0.94,4944095.00,0.03,724.14,0.02,1,1,0,1,0,25566,70.00,0
PA,1998,9.93,109.52,5.15,185933125.00,0.97,37415.02,0.94,5258393.00,0.03,724.14,0.02,1,1,0,1,0,27367,69.90,0
PA,1999,8.86,110.60,5.15,189640074.00,0.97,37578.80,0.94,4887971.00,0.03,724.14,0.02,1,1,0,1,0,28348,74.40,0
PA,2000,9.53,110.07,5.15,196431135.00,0.97,37386.00,0.94,5256845.00,0.03,733.00,0.02,1,1,0,1,1,30113,67.30,0
PA,2001,9.68,112.04,5.15,192230129.00,0.98,38443.00,0.93,4346462.00,0.02,809.00,0.02,1,1,0,1,1,30683,68.10,1
PA,2002,9.74,112.66,5.15,199443852.00,0.98,40812.00,0.94,4879026.00,0.02,809.00,0.02,1,1,0,1,1,31438,72.80,0
PA,2003,9.59,113.40,5.15,200424608.00,0.97,43819.00,0.94,5924905.00,0.03,907.00,0.02,1,1,0,1,1,32288,69.90,0
PA,2004,9.58,114.29,5.15,208589875.00,0.97,46804.00,0.94,6068626.00,0.03,907.00,0.02,1,1,0,1,1,33664,69.30,0
PA,2005,9.86,115.02,5.15,212969998.00,0.98,46497.00,0.94,5121127.00,0.02,998.00,0.02,1,1,0,1,1,34719,72.80,0
PA,2006,10.35,115.82,5.15,212915720.00,0.97,46494.00,0.94,5895875.00,0.03,925.00,0.02,1,1,0,1,1,36984,72.50,0
PA,2007,10.95,116.19,6.25,220751084.00,0.98,46177.00,0.94,5337256.00,0.02,1068.00,0.02,1,1,0,1,1,38927,68.70,0
PA,2008,11.35,116.74,7.15,215910036.00,0.97,46288.00,0.94,6440889.00,0.03,1139.00,0.02,1,1,1,1,1,40674,71.00,1
PA,2009,11.65,116.82,7.15,212932262.00,0.97,46289.00,0.93,6563882.00,0.03,1527.00,0.03,1,1,1,1,1,39210,66.70,1
PA,2010,12.70,117.02,7.25,222486593.00,0.97,46131.00,0.93,7265713.00,0.03,1540.00,0.03,1,1,1,1,1,40444,73.30,0
RI,1992,11.17,374.47,4.45,4711425.00,0.98,754.17,0.98,73780.00,0.02,4.26,0.01,0,0,0,1,0,20820,67.80,0
RI,1993,11.38,376.87,4.45,4581113.00,0.98,756.12,0.98,84183.00,0.02,4.26,0.01,0,0,0,1,0,21600,71.60,0
RI,1994,11.26,379.03,4.45,4646026.00,0.98,758.62,0.98,86894.00,0.02,4.26,0.01,0,0,0,1,0,22199,74.40,0
RI,1995,11.47,383.74,4.45,4399315.00,0.98,1114.59,0.98,88898.00,0.02,4.26,0.00,0,0,0,1,0,23364,73.10,0
RI,1996,11.81,386.29,4.45,7615428.00,0.99,1113.69,0.98,104608.00,0.01,4.42,0.00,0,0,0,1,0,24299,69.30,0
RI,1997,12.12,396.01,5.15,7597454.00,0.99,1113.69,0.98,112099.00,0.01,4.42,0.00,0,0,0,1,0,25621,71.10,0
RI,1998,10.91,398.65,5.15,7554680.00,0.98,1098.83,0.98,119831.00,0.02,4.42,0.00,0,0,0,1,0,26945,72.00,0
RI,1999,10.12,401.79,5.15,6256639.00,0.98,1097.77,0.98,120242.00,0.02,4.42,0.00,0,0,0,1,0,27741,74.80,0
RI,2000,11.28,395.96,5.65,5851439.00,0.98,1365.00,0.99,120106.00,0.02,4.00,0.00,0,0,0,1,0,29498,69.40,0
RI,2001,12.13,399.55,6.15,7395133.00,0.99,1365.00,0.98,106759.00,0.01,4.00,0.00,0,0,0,1,0,31197,68.90,1
RI,2002,10.20,400.34,6.15,6367950.00,0.90,1963.00,0.99,688815.00,0.10,4.00,0.00,0,0,0,1,0,32160,72.80,0
RI,2003,11.61,403.11,6.15,5513356.00,0.98,1989.00,0.99,107789.00,0.02,4.00,0.00,0,0,0,1,0,33477,72.00,0
RI,2004,12.19,404.79,6.75,4832432.00,0.98,1995.00,0.99,106988.00,0.02,4.00,0.00,0,0,0,1,0,34976,70.30,0
RI,2005,13.04,407.99,6.75,6046560.00,1.00,1992.00,0.99,6734.00,0.00,4.00,0.00,0,0,0,1,0,36117,72.50,0
RI,2006,15.12,409.21,6.75,5812903.00,0.97,1994.00,0.99,154822.00,0.03,4.00,0.00,0,0,0,1,0,38251,74.60,0
RI,2007,14.05,411.04,7.40,6890723.00,0.98,1992.00,0.99,159121.00,0.02,4.00,0.00,0,0,0,1,0,40349,72.10,0
RI,2008,17.45,411.66,7.40,7223882.00,0.98,1991.00,0.99,163384.00,0.02,3.00,0.00,0,0,0,1,0,41822,74.50,1
RI,2009,15.60,413.52,7.40,7547489.00,0.98,1991.00,0.99,149335.00,0.02,3.00,0.00,0,0,0,1,0,40460,69.70,1
RI,2010,15.92,412.11,7.40,7594940.00,0.98,1991.00,0.98,143779.00,0.02,5.00,0.00,0,0,0,1,1,42001,75.70,0
TX,1992,7.74,25.61,3.35,282159102.00,0.97,73922.36,0.99,8133211.00,0.03,624.10,0.01,1,1,1,1,0,18765,81.60,0
TX,1993,8.00,26.09,3.35,292601358.00,0.98,75526.98,0.99,7087357.00,0.02,625.60,0.01,1,1,1,1,0,19413,83.30,0
TX,1994,8.08,26.63,3.35,300291590.00,0.98,76382.05,0.99,6887934.00,0.02,628.24,0.01,1,1,1,1,0,20161,83.10,0
TX,1995,7.71,27.15,3.35,309454776.00,0.97,76360.45,0.99,8181470.00,0.03,628.24,0.01,1,1,1,1,0,21070,82.90,0
TX,1996,7.77,27.82,3.35,321560534.00,0.98,76956.58,0.99,7388399.00,0.02,664.90,0.01,1,1,1,1,1,22260,83.80,0
TX,1997,7.82,28.39,3.35,328877353.00,0.98,76125.88,0.98,7442157.00,0.02,671.00,0.01,1,1,1,1,1,23812,82.80,0
TX,1998,7.65,29.13,3.35,347835170.00,0.98,77263.33,0.99,7484994.00,0.02,669.50,0.01,1,1,1,1,1,25376,86.50,0
TX,1999,7.55,29.92,3.35,351436490.00,0.98,78597.15,0.98,7508254.00,0.02,822.92,0.01,1,1,1,1,1,26399,82.00,0
TX,2000,7.96,30.65,3.35,369776708.00,0.98,85716.00,0.99,7965657.00,0.02,835.00,0.01,1,1,1,1,1,28506,84.10,0
TX,2001,8.86,31.71,3.35,366177168.00,0.98,92234.00,0.98,6402834.00,0.02,1587.00,0.02,1,1,0,1,1,29185,85.20,1
TX,2002,8.05,33.09,5.15,375519619.00,0.97,99330.00,0.98,10108923.00,0.03,1747.00,0.02,1,1,0,1,1,28966,81.00,0
TX,2003,9.16,32.44,5.15,367853599.00,0.97,105802.00,0.98,11346086.00,0.03,1962.00,0.02,1,1,0,1,1,29622,82.20,0
TX,2004,9.73,32.71,5.15,379803596.00,0.97,106940.00,0.98,10495536.00,0.03,1962.00,0.02,1,1,0,1,1,31115,80.70,0
TX,2005,10.93,33.70,5.15,385838469.00,0.97,106804.00,0.97,10830253.00,0.03,2431.00,0.02,1,1,0,1,1,33220,82.60,0
TX,2006,12.86,34.77,5.15,387315035.00,0.97,105477.00,0.96,13267843.00,0.03,3411.00,0.03,1,1,0,1,1,35287,83.40,0
TX,2007,12.34,35.02,5.15,389074104.00,0.96,105103.00,0.95,16418192.00,0.04,5162.00,0.05,1,1,0,1,1,37098,79.10,0
TX,2008,13.04,35.97,5.85,382139809.00,0.94,104806.00,0.92,22647972.00,0.06,8103.00,0.07,1,1,0,1,1,39615,81.80,1
TX,2009,12.38,36.23,6.55,371075303.00,0.93,100985.00,0.90,26092607.00,0.07,10081.00,0.09,1,1,0,1,1,36595,84.00,1
TX,2010,11.60,36.43,7.25,379098799.00,0.92,106189.00,0.90,32596247.00,0.08,10670.00,0.09,1,1,1,1,1,38222,81.40,0
VT,1992,9.56,28.47,4.25,3800402.00,0.78,713.08,0.59,1069740.00,0.22,415.66,0.35,0,1,0,1,0,18941,62.90,0
VT,1993,9.84,28.68,4.25,3397735.00,0.73,713.08,0.59,1246030.00,0.27,423.16,0.35,0,1,0,1,0,19446,67.30,0
VT,1994,9.96,28.95,4.25,4327704.00,0.77,713.08,0.59,1289326.00,0.23,417.62,0.35,0,1,0,1,0,20255,69.60,0
VT,1995,10.52,29.29,4.25,3878586.00,0.75,713.08,0.59,1281476.00,0.25,421.19,0.35,0,1,0,1,0,21057,69.50,0
VT,1996,10.99,29.70,4.75,3802644.00,0.71,713.08,0.59,1547475.00,0.29,422.69,0.35,0,1,0,1,0,22106,65.90,0
VT,1997,11.45,29.91,4.75,4278165.00,0.75,707.13,0.59,1402373.00,0.25,424.46,0.35,0,1,0,1,0,23168,65.10,0
VT,1998,11.61,30.16,4.75,3400818.00,0.69,707.13,0.64,1545479.00,0.31,315.54,0.29,0,1,0,1,0,24921,66.60,0
VT,1999,12.17,30.31,4.75,4102376.00,0.72,707.13,0.65,1601217.00,0.28,312.04,0.29,0,1,0,1,1,26268,69.50,0
VT,2000,12.30,30.65,5.75,4699735.00,0.75,707.00,0.64,1603279.00,0.25,315.00,0.29,0,1,0,1,1,28196,63.80,0
VT,2001,12.67,30.91,6.25,4213860.00,0.77,705.00,0.65,1266754.00,0.23,308.00,0.28,0,1,0,1,1,29477,64.20,1
VT,2002,12.78,31.27,6.25,3975297.00,0.73,703.00,0.65,1480893.00,0.27,308.00,0.28,0,1,0,1,1,29994,67.20,0
VT,2003,12.82,29.66,6.25,4468788.00,0.74,703.00,0.64,1559174.00,0.26,305.00,0.28,0,1,0,1,1,30960,67.10,0
VT,2004,12.94,32.02,6.75,3879044.00,0.71,703.00,0.64,1591335.00,0.29,305.00,0.28,0,1,0,1,1,32640,66.40,0
VT,2005,12.96,32.43,7.00,4083966.00,0.71,703.00,0.64,1632789.00,0.29,305.00,0.28,0,1,0,1,1,33317,69.60,0
VT,2006,13.39,33.16,7.25,5115769.00,0.72,704.00,0.64,1968575.00,0.28,305.00,0.28,0,1,0,1,1,35867,70.10,0
VT,2007,14.15,33.01,7.53,4713428.00,0.81,699.00,0.64,1110154.00,0.19,306.00,0.28,0,1,0,1,1,37820,65.40,0
VT,2008,14.48,33.10,7.68,4901974.00,0.72,699.00,0.63,1918242.00,0.28,321.00,0.29,0,1,0,1,1,39433,67.80,1
VT,2009,14.90,33.18,8.06,5367478.00,0.74,699.00,0.63,1914870.00,0.26,321.00,0.29,0,1,0,1,1,38530,64.90,1
VT,2010,15.57,33.28,8.06,4790765.00,0.72,699.00,0.63,1829225.00,0.28,321.00,0.29,0,1,0,1,1,39736,70.40,0
